{"jobName":"test-Transcribe","accountId":"868604032012","results":{"transcripts":[{"transcript":"The sunrises does arise and make happy. The skies dot the merry bells ring to welcome the spring."}],"speaker_labels":{"speakers":1,"segments":[{"start_time":"0.000000","speaker_label":"spk_0","end_time":"4.760","items":[{"start_time":"0.000","speaker_label":"spk_0","end_time":"0.160"},{"start_time":"0.160","speaker_label":"spk_0","end_time":"0.840"},{"start_time":"0.840","speaker_label":"spk_0","end_time":"1.020"},{"start_time":"1.020","speaker_label":"spk_0","end_time":"1.370"},{"start_time":"1.370","speaker_label":"spk_0","end_time":"1.500"},{"start_time":"1.500","speaker_label":"spk_0","end_time":"1.730"},{"start_time":"1.730","speaker_label":"spk_0","end_time":"2.020"},{"start_time":"2.020","speaker_label":"spk_0","end_time":"2.110"},{"start_time":"2.110","speaker_label":"spk_0","end_time":"2.500"},{"start_time":"2.500","speaker_label":"spk_0","end_time":"2.730"},{"start_time":"2.730","speaker_label":"spk_0","end_time":"2.820"},{"start_time":"2.820","speaker_label":"spk_0","end_time":"3.090"},{"start_time":"3.090","speaker_label":"spk_0","end_time":"3.460"},{"start_time":"3.460","speaker_label":"spk_0","end_time":"3.650"},{"start_time":"3.650","speaker_label":"spk_0","end_time":"3.750"},{"start_time":"3.750","speaker_label":"spk_0","end_time":"4.150"},{"start_time":"4.150","speaker_label":"spk_0","end_time":"4.230"},{"start_time":"4.230","speaker_label":"spk_0","end_time":"4.730"}]}]},"items":[{"start_time":"0.000","end_time":"0.160","alternatives":[{"confidence":"1.0000","content":"The"}],"type":"pronunciation"},{"start_time":"0.160","end_time":"0.840","alternatives":[{"confidence":"0.6353","content":"sunrises"}],"type":"pronunciation"},{"start_time":"0.840","end_time":"1.020","alternatives":[{"confidence":"0.9993","content":"does"}],"type":"pronunciation"},{"start_time":"1.020","end_time":"1.370","alternatives":[{"confidence":"0.9831","content":"arise"}],"type":"pronunciation"},{"start_time":"1.370","end_time":"1.500","alternatives":[{"confidence":"0.9828","content":"and"}],"type":"pronunciation"},{"start_time":"1.500","end_time":"1.730","alternatives":[{"confidence":"0.9987","content":"make"}],"type":"pronunciation"},{"start_time":"1.730","end_time":"2.020","alternatives":[{"confidence":"1.0000","content":"happy"}],"type":"pronunciation"},{"alternatives":[{"content":"."}],"type":"punctuation"},{"start_time":"2.020","end_time":"2.110","alternatives":[{"confidence":"0.9692","content":"The"}],"type":"pronunciation"},{"start_time":"2.110","end_time":"2.500","alternatives":[{"confidence":"0.6548","content":"skies"}],"type":"pronunciation"},{"start_time":"2.500","end_time":"2.730","alternatives":[{"confidence":"0.7714","content":"dot"}],"type":"pronunciation"},{"start_time":"2.730","end_time":"2.820","alternatives":[{"confidence":"1.0000","content":"the"}],"type":"pronunciation"},{"start_time":"2.820","end_time":"3.090","alternatives":[{"confidence":"1.0000","content":"merry"}],"type":"pronunciation"},{"start_time":"3.090","end_time":"3.460","alternatives":[{"confidence":"1.0000","content":"bells"}],"type":"pronunciation"},{"start_time":"3.460","end_time":"3.650","alternatives":[{"confidence":"1.0000","content":"ring"}],"type":"pronunciation"},{"start_time":"3.650","end_time":"3.750","alternatives":[{"confidence":"0.9742","content":"to"}],"type":"pronunciation"},{"start_time":"3.750","end_time":"4.150","alternatives":[{"confidence":"1.0000","content":"welcome"}],"type":"pronunciation"},{"start_time":"4.150","end_time":"4.230","alternatives":[{"confidence":"1.0000","content":"the"}],"type":"pronunciation"},{"start_time":"4.230","end_time":"4.730","alternatives":[{"confidence":"1.0000","content":"spring"}],"type":"pronunciation"},{"alternatives":[{"content":"."}],"type":"punctuation"}]},"status":"COMPLETED"}